{
  "cpp": {
    "primes": {
      "serial": 10.183634021632203,
      "parallel": 40.944116332021686
    },
    "sort": {
      "serial": 33.22521075197238,
      "parallel": 47.59146716143634
    },
    "fibonacci": {
      "serial": 678.2630103883087,
      "parallel": 1339.8148168766804
    }
  },
  "c": {
    "primes": {
      "serial": 10.620414323140393,
      "parallel": 24.23435042963826
    },
    "sort": {
      "serial": 35.548956814656286,
      "parallel": 23.21871708452306
    },
    "fibonacci": {
      "serial": 903.6171705202948,
      "parallel": 1977.3352175153375
    }
  },
  "go": {
    "primes": {
      "serial": 5.807369185802409,
      "parallel": 12.292400873423446
    },
    "sort": {
      "serial": 7.314927654589282,
      "parallel": 4.756110967639113
    },
    "fibonacci": {
      "serial": 480.3928636408846,
      "parallel": 5044.144222889955
    }
  },
  "java": {
    "primes": {
      "serial": 3.901542777268755,
      "parallel": 2.131168151398111
    },
    "sort": {
      "serial": 27.82473204085895,
      "parallel": 41.0099097718771
    },
    "fibonacci": {
      "serial": 140.7956012364306,
      "parallel": 219.99533699650894
    }
  },
  "python": {
    "primes": {
      "serial": 1.0,
      "parallel": 1.0
    },
    "sort": {
      "serial": 1.0,
      "parallel": 1.0
    },
    "fibonacci": {
      "serial": 1.0,
      "parallel": 1.0
    }
  },
  "rust": {
    "primes": {
      "serial": 9.089593504578867,
      "parallel": 21.137627406412648
    },
    "sort": {
      "serial": 33.26299684384879,
      "parallel": 16.62794240292564
    },
    "fibonacci": {
      "serial": 663.3150755685522,
      "parallel": 2162.3417010867884
    }
  }
}