{
  "cpp": {
    "primes": {
      "serial": 10.356371713550613,
      "parallel": 9.25700869173837
    },
    "sort": {
      "serial": 33.01898498032051,
      "parallel": 38.00786031628021
    },
    "fibonacci": {
      "serial": 3.3997129494703024,
      "parallel": 0.05338104891839827
    }
  },
  "c": {
    "primes": {
      "serial": 10.669855910491055,
      "parallel": 1.7734583962727064
    },
    "sort": {
      "serial": 37.50174833033643,
      "parallel": 17.991225038699206
    },
    "fibonacci": {
      "serial": 3.6954879760742188,
      "parallel": 0.02262704523562087
    }
  },
  "go": {
    "primes": {
      "serial": 5.661208651297243,
      "parallel": 9.740153297885083
    },
    "sort": {
      "serial": 7.465427826201156,
      "parallel": 5.605865858298247
    },
    "fibonacci": {
      "serial": 8.239661039184433,
      "parallel": 0.7464155264541206
    }
  },
  "java": {
    "primes": {
      "serial": 4.004882358075007,
      "parallel": 0.15976503206943732
    },
    "sort": {
      "serial": 20.523452905170082,
      "parallel": 20.010463222606262
    },
    "fibonacci": {
      "serial": 2.5165052612013747,
      "parallel": 0.008734492879991947
    }
  },
  "python": {
    "primes": {
      "serial": 1.0,
      "parallel": 1.0
    },
    "sort": {
      "serial": 1.0,
      "parallel": 1.0
    },
    "fibonacci": {
      "serial": 1.0,
      "parallel": 1.0
    }
  },
  "rust": {
    "primes": {
      "serial": 8.819534935320808,
      "parallel": 7.421378566507618
    },
    "sort": {
      "serial": 34.46956556544562,
      "parallel": 21.080815875776675
    },
    "fibonacci": {
      "serial": 16.49771417890276,
      "parallel": 0.10489953171066096
    }
  }
}