{
  "language": "C++",
  "thread_count": 72,
  "fibonacci_serial": 2.174e-06,
  "fibonacci_parallel": 0.00108979,
  "primes_serial": 0.00531001,
  "primes_parallel": 0.00206121,
  "sort_serial": 0.0840726,
  "sort_parallel": 0.0356465
}
