{
  "language": "C++",
  "thread_count": 1,
  "fibonacci_serial": 0.000354379,
  "fibonacci_parallel": 0.00121313,
  "primes_serial": 0.00546266,
  "primes_parallel": 0.00299318,
  "sort_serial": 0.0820622,
  "sort_parallel": 0.037
}
