{
  "language": "Go",
  "process_count": 1,
  "fibonacci_serial": 0.000396108,
  "fibonacci_parallel": 0.00029279,
  "primes_serial": 0.009140918,
  "primes_parallel": 0.009121575,
  "sort_serial": 0.373106947,
  "sort_parallel": 0.372748119
}