{
  "language": "Go",
  "process_count": 1,
  "fibonacci_serial": 0.000500345,
  "fibonacci_parallel": 0.000322229,
  "primes_serial": 0.009579162,
  "primes_parallel": 0.009969827,
  "sort_serial": 0.372735592,
  "sort_parallel": 0.370236165
}