{
  "sort_parallel": 0.042938019,
  "primes_parallel": 0.057505134,
  "fibonacci_parallel": 0.0073882,
  "processor_count": 1,
  "fibonacci_serial": 0.001707171,
  "primes_serial": 0.014258393,
  "language": "Java",
  "sort_serial": 0.097989583
}