{
  "sort_parallel": 0.067706938,
  "primes_parallel": 0.119429381,
  "fibonacci_parallel": 0.006660276,
  "processor_count": 72,
  "fibonacci_serial": 2.937E-6,
  "primes_serial": 0.013731349,
  "language": "Java",
  "sort_serial": 0.135259497
}