{
  "language": "Python",
  "primes_serial": 0.055629730224609375,
  "primes_parallel": 0.12255311012268066,
  "sort_serial": 2.726533889770508,
  "sort_parallel": 1.7608842849731445,
  "fibonacci_serial": 0.24036216735839844,
  "fibonacci_parallel": 1.6253695487976074,
  "process_count": 1
}