{
  "language": "Python",
  "primes_serial": 0.07898187637329102,
  "primes_parallel": 0.24751687049865723,
  "sort_serial": 3.6958940029144287,
  "sort_parallel": 2.111994504928589,
  "fibonacci_serial": 0.4479823112487793,
  "fibonacci_parallel": 0.3288280963897705,
  "process_count": 8
}