{
  "fibonacci_parallel": 0.000711961,
  "fibonacci_serial": 0.000346367,
  "language": "Rust",
  "primes_parallel": 0.005792566,
  "primes_serial": 0.005620657,
  "sort_parallel": 0.105075324,
  "sort_serial": 0.082218949,
  "thread_count": 1
}