{
  "fibonacci_parallel": 0.00055457,
  "fibonacci_serial": 4.48e-7,
  "language": "Rust",
  "primes_parallel": 0.002571037,
  "primes_serial": 0.006235299,
  "sort_parallel": 0.064269201,
  "sort_serial": 0.080534578,
  "thread_count": 72
}