{
  "fibonacci_parallel": 0.000751671,
  "fibonacci_serial": 0.000362365,
  "language": "Rust",
  "primes_parallel": 0.005797865,
  "primes_serial": 0.006120156,
  "sort_parallel": 0.105899109,
  "sort_serial": 0.081968979,
  "thread_count": 1
}